Precinct,obama,romney,johnson,stein,other,totalvotes,PrecinctName,StateName,StateAbbr,dPct,rPct,leanD,leanR,otherPct,dDRPct,rDRPct
01-135,192,854,32,6,9,1093,Chena Lakes,AK,AK,0.175663311985,0.781335773102,0.224824355972,4.44791666667,0.00823421774931,0.183556405354,0.816443594646
01-145,109,369,5,1,9,493,Eielson,AK,AK,0.221095334686,0.748478701826,0.29539295393,3.38532110092,0.0182555780933,0.228033472803,0.771966527197
01-155,43,162,13,1,4,223,Moose Creek,AK,AK,0.192825112108,0.726457399103,0.265432098765,3.76744186047,0.0179372197309,0.209756097561,0.790243902439
01-165,213,1009,39,6,10,1277,Newby,AK,AK,0.166797180893,0.790133124511,0.211100099108,4.73708920188,0.00783085356304,0.174304418985,0.825695581015
01-175,156,494,13,1,3,667,North Pole,AK,AK,0.233883058471,0.740629685157,0.315789473684,3.16666666667,0.00449775112444,0.24,0.76
01-183,166,842,27,3,11,1049,Plack,AK,AK,0.158245948522,0.80266920877,0.197149643705,5.07228915663,0.0104861773117,0.164682539683,0.835317460317
01-195,45,215,5,3,6,274,Salcha No. 1,AK,AK,0.164233576642,0.784671532847,0.209302325581,4.77777777778,0.021897810219,0.173076923077,0.826923076923
01-Early,128,372,11,1,2,514,Voting,AK,AK,0.249027237354,0.72373540856,0.344086021505,2.90625,0.00389105058366,0.256,0.744
02-235,202,695,25,7,12,941,Badger No. 1,AK,AK,0.214665249734,0.738575982997,0.290647482014,3.44059405941,0.0127523910733,0.22519509476,0.77480490524
02-245,146,357,13,3,15,534,Fox,AK,AK,0.2734082397,0.668539325843,0.408963585434,2.44520547945,0.0280898876404,0.290258449304,0.709741550696
02-255,360,653,38,15,14,1080,Steele Creek/Gilmore,AK,AK,0.333333333333,0.60462962963,0.551301684533,1.81388888889,0.012962962963,0.35538005923,0.64461994077
02-265,275,662,32,7,9,985,Steese East,AK,AK,0.279187817259,0.672081218274,0.415407854985,2.40727272727,0.00913705583756,0.293489861259,0.706510138741
02-270,734,1081,42,24,17,1898,Steese West,AK,AK,0.386722866175,0.569546891465,0.679000925069,1.4727520436,0.00895679662803,0.404407713499,0.595592286501
02-275,131,353,23,6,13,526,Two Rivers,AK,AK,0.249049429658,0.671102661597,0.371104815864,2.69465648855,0.0247148288973,0.270661157025,0.729338842975
02-Early,657,667,22,9,15,1370,Voting,AK,AK,0.479562043796,0.486861313869,0.985007496252,1.01522070015,0.0109489051095,0.496223564955,0.503776435045
03-345,214,546,33,11,13,817,Badger No. 2,AK,AK,0.261933904529,0.668298653611,0.391941391941,2.55140186916,0.015911872705,0.281578947368,0.718421052632
03-355,244,345,15,5,10,619,Fairbanks No. 8,AK,AK,0.394184168013,0.557350565428,0.707246376812,1.41393442623,0.016155088853,0.414261460102,0.585738539898
03-365,366,622,26,8,12,1034,Fairbanks No. 9,AK,AK,0.353965183752,0.601547388781,0.588424437299,1.69945355191,0.0116054158607,0.37044534413,0.62955465587
03-375,177,386,19,2,2,586,Fort Wainwright,AK,AK,0.30204778157,0.658703071672,0.458549222798,2.18079096045,0.00341296928328,0.314387211368,0.685612788632
03-385,108,397,9,5,12,531,Richardson,AK,AK,0.203389830508,0.747645951036,0.272040302267,3.67592592593,0.0225988700565,0.213861386139,0.786138613861
03-Early,237,267,6,0,1,511,Voting,AK,AK,0.463796477495,0.522504892368,0.887640449438,1.12658227848,0.00195694716243,0.470238095238,0.529761904762
04-446,377,543,23,4,19,966,Aurora,AK,AK,0.390269151139,0.562111801242,0.694290976059,1.44031830239,0.01966873706,0.409782608696,0.590217391304
04-455,81,110,12,3,2,208,Fairbanks No. 1,AK,AK,0.389423076923,0.528846153846,0.736363636364,1.35802469136,0.00961538461538,0.424083769634,0.575916230366
04-465,150,161,11,5,5,332,Fairbanks No. 2,AK,AK,0.451807228916,0.484939759036,0.931677018634,1.07333333333,0.0150602409639,0.48231511254,0.51768488746
04-470,228,254,15,5,2,504,Fairbanks No. 3,AK,AK,0.452380952381,0.503968253968,0.897637795276,1.11403508772,0.00396825396825,0.473029045643,0.526970954357
04-475,126,162,14,2,0,304,Fairbanks No. 4,AK,AK,0.414473684211,0.532894736842,0.777777777778,1.28571428571,0.0,0.4375,0.5625
04-480,290,496,24,7,8,825,Fairbanks No. 5,AK,AK,0.351515151515,0.601212121212,0.584677419355,1.71034482759,0.00969696969697,0.368956743003,0.631043256997
04-485,162,183,11,3,6,365,Fairbanks No. 6,AK,AK,0.443835616438,0.501369863014,0.885245901639,1.12962962963,0.0164383561644,0.469565217391,0.530434782609
04-490,272,244,19,7,4,546,Fairbanks No. 7,AK,AK,0.498168498168,0.446886446886,1.11475409836,0.897058823529,0.00732600732601,0.527131782946,0.472868217054
04-495,78,129,5,5,3,220,Fairbanks No. 10,AK,AK,0.354545454545,0.586363636364,0.604651162791,1.65384615385,0.0136363636364,0.376811594203,0.623188405797
04-499,45,127,9,0,3,184,Lakeview,AK,AK,0.244565217391,0.690217391304,0.354330708661,2.82222222222,0.0163043478261,0.261627906977,0.738372093023
04-Early,426,322,16,7,3,774,Voting,AK,AK,0.550387596899,0.416020671835,1.32298136646,0.755868544601,0.00387596899225,0.569518716578,0.430481283422
05-580,44,116,5,3,0,168,Airport,AK,AK,0.261904761905,0.690476190476,0.379310344828,2.63636363636,0.0,0.275,0.725
05-582,828,917,58,27,22,1852,Chena,AK,AK,0.447084233261,0.495140388769,0.90294438386,1.10748792271,0.011879049676,0.474498567335,0.525501432665
05-584,325,228,19,10,7,589,Farmers Loop,AK,AK,0.551782682513,0.387096774194,1.42543859649,0.701538461538,0.0118845500849,0.587703435805,0.412296564195
05-586,328,371,16,8,11,734,Geist,AK,AK,0.446866485014,0.505449591281,0.88409703504,1.13109756098,0.0149863760218,0.469241773963,0.530758226037
05-588,89,140,6,1,3,239,Pike,AK,AK,0.372384937238,0.585774058577,0.635714285714,1.57303370787,0.0125523012552,0.38864628821,0.61135371179
05-590,14,137,7,0,1,159,Salcha No. 2,AK,AK,0.0880503144654,0.861635220126,0.102189781022,9.78571428571,0.0062893081761,0.0927152317881,0.907284768212
05-592,195,197,19,7,9,427,Shanly,AK,AK,0.456674473068,0.461358313817,0.989847715736,1.01025641026,0.0210772833724,0.497448979592,0.502551020408
05-594,128,47,10,10,5,200,University Campus,AK,AK,0.64,0.235,2.72340425532,0.3671875,0.025,0.731428571429,0.268571428571
05-596,433,644,27,11,11,1126,University West,AK,AK,0.384547069272,0.571936056838,0.672360248447,1.48729792148,0.00976909413854,0.402042711235,0.597957288765
05-Early,478,395,14,11,5,903,Voting,AK,AK,0.52934662237,0.437430786268,1.21012658228,0.826359832636,0.00553709856035,0.54753722795,0.45246277205
06-600,166,873,25,8,23,1095,Big Delta,AK,AK,0.151598173516,0.797260273973,0.190148911798,5.25903614458,0.02100456621,0.159769008662,0.840230991338
06-608,57,261,9,2,2,331,Delta Junction,AK,AK,0.172205438066,0.788519637462,0.218390804598,4.57894736842,0.00604229607251,0.179245283019,0.820754716981
06-622,123,258,16,4,11,412,Farm Loop,AK,AK,0.29854368932,0.626213592233,0.476744186047,2.09756097561,0.0266990291262,0.322834645669,0.677165354331
06-628,317,911,38,4,10,1280,Fishhook,AK,AK,0.24765625,0.71171875,0.347969264544,2.8738170347,0.0078125,0.258143322476,0.741856677524
06-632,57,216,12,1,7,293,Glennallen,AK,AK,0.194539249147,0.737201365188,0.263888888889,3.78947368421,0.0238907849829,0.208791208791,0.791208791209
06-640,22,82,0,1,1,106,Sheep Mountain,AK,AK,0.207547169811,0.77358490566,0.268292682927,3.72727272727,0.00943396226415,0.211538461538,0.788461538462
06-645,162,279,13,8,3,465,Sutton,AK,AK,0.348387096774,0.6,0.58064516129,1.72222222222,0.00645161290323,0.367346938776,0.632653061224
06-650,173,289,7,4,11,484,Valdez No. 1,AK,AK,0.357438016529,0.597107438017,0.598615916955,1.67052023121,0.0227272727273,0.374458874459,0.625541125541
06-655,106,193,16,2,5,322,Valdez No. 2,AK,AK,0.329192546584,0.599378881988,0.549222797927,1.82075471698,0.0155279503106,0.354515050167,0.645484949833
06-660,176,235,19,5,5,440,Valdez No. 3,AK,AK,0.4,0.534090909091,0.748936170213,1.33522727273,0.0113636363636,0.428223844282,0.571776155718
06-Early,3,16,0,0,0,19,Voting,AK,AK,0.157894736842,0.842105263158,0.1875,5.33333333333,0.0,0.157894736842,0.842105263158
07-005,159,489,20,3,8,679,Kings Lake,AK,AK,0.234167893962,0.720176730486,0.325153374233,3.07547169811,0.0117820324006,0.24537037037,0.75462962963
07-010,121,474,17,2,4,618,Church,AK,AK,0.195792880259,0.766990291262,0.255274261603,3.9173553719,0.00647249190939,0.203361344538,0.796638655462
07-015,195,593,12,5,16,821,Tanaina,AK,AK,0.237515225335,0.722289890378,0.328836424958,3.04102564103,0.0194884287454,0.247461928934,0.752538071066
07-020,118,342,13,4,6,483,Houston,AK,AK,0.244306418219,0.708074534161,0.345029239766,2.89830508475,0.0124223602484,0.25652173913,0.74347826087
07-025,91,404,27,0,9,531,Meadow Lakes No. 1,AK,AK,0.171374764595,0.760828625235,0.225247524752,4.43956043956,0.0169491525424,0.183838383838,0.816161616162
07-030,93,261,19,6,2,381,Susitna,AK,AK,0.244094488189,0.685039370079,0.35632183908,2.8064516129,0.00524934383202,0.262711864407,0.737288135593
07-035,170,151,13,17,3,354,Talkeetna,AK,AK,0.480225988701,0.426553672316,1.12582781457,0.888235294118,0.00847457627119,0.529595015576,0.470404984424
07-040,39,92,13,1,3,148,Trapper Creek,AK,AK,0.263513513514,0.621621621622,0.423913043478,2.35897435897,0.0202702702703,0.297709923664,0.702290076336
07-045,219,513,21,6,6,765,Willow,AK,AK,0.286274509804,0.670588235294,0.426900584795,2.34246575342,0.0078431372549,0.299180327869,0.700819672131
07-Early,222,611,14,0,8,855,Voting,AK,AK,0.259649122807,0.714619883041,0.363338788871,2.75225225225,0.0093567251462,0.266506602641,0.733493397359
08-055,172,582,10,4,6,774,Walby,AK,AK,0.222222222222,0.751937984496,0.295532646048,3.38372093023,0.0077519379845,0.228116710875,0.771883289125
08-060,204,542,15,3,5,769,Greater Palmer,AK,AK,0.265279583875,0.704811443433,0.376383763838,2.6568627451,0.00650195058518,0.27345844504,0.72654155496
08-065,124,399,11,4,6,544,Mat-Su Campus,AK,AK,0.227941176471,0.733455882353,0.310776942356,3.21774193548,0.0110294117647,0.237093690249,0.762906309751
08-070,251,493,23,9,10,786,Palmer City No. 1,AK,AK,0.319338422392,0.627226463104,0.509127789047,1.96414342629,0.0127226463104,0.337365591398,0.662634408602
08-075,178,467,25,8,9,687,Palmer City No. 2,AK,AK,0.259097525473,0.679767103348,0.381156316916,2.62359550562,0.0131004366812,0.275968992248,0.724031007752
08-080,65,231,7,3,1,307,Palmer Fishhook,AK,AK,0.211726384365,0.752442996743,0.281385281385,3.55384615385,0.00325732899023,0.219594594595,0.780405405405
08-085,111,435,12,3,3,564,Trunk,AK,AK,0.196808510638,0.771276595745,0.255172413793,3.91891891892,0.00531914893617,0.203296703297,0.796703296703
08-090,85,330,14,0,8,437,Seward Meridian,AK,AK,0.194508009153,0.755148741419,0.257575757576,3.88235294118,0.0183066361556,0.204819277108,0.795180722892
08-095,146,420,17,3,4,590,Springer Loop,AK,AK,0.247457627119,0.71186440678,0.347619047619,2.87671232877,0.00677966101695,0.257950530035,0.742049469965
08-Early,139,376,5,5,3,528,Voting,AK,AK,0.263257575758,0.712121212121,0.369680851064,2.70503597122,0.00568181818182,0.269902912621,0.730097087379
09-100,157,528,13,2,11,711,Lakes,AK,AK,0.220815752461,0.742616033755,0.297348484848,3.36305732484,0.0154711673699,0.229197080292,0.770802919708
09-105,126,481,17,3,3,630,Pioneer Peak,AK,AK,0.2,0.763492063492,0.261954261954,3.81746031746,0.0047619047619,0.207578253707,0.792421746293
09-110,119,517,13,5,7,661,Schrock,AK,AK,0.180030257186,0.782148260212,0.230174081238,4.34453781513,0.0105900151286,0.187106918239,0.812893081761
09-115,104,276,14,1,8,403,Wasilla Lake,AK,AK,0.258064516129,0.684863523573,0.376811594203,2.65384615385,0.0198511166253,0.273684210526,0.726315789474
09-120,248,852,25,9,12,1146,Wasilla No. 1,AK,AK,0.216404886562,0.743455497382,0.291079812207,3.43548387097,0.0104712041885,0.225454545455,0.774545454545
09-125,231,606,26,12,18,893,Wasilla No. 2,AK,AK,0.258678611422,0.678611422172,0.381188118812,2.62337662338,0.020156774916,0.275985663082,0.724014336918
09-Early,334,945,28,4,4,1315,Voting,AK,AK,0.253992395437,0.718631178707,0.353439153439,2.82934131737,0.00304182509506,0.26114151681,0.73885848319
10-130,97,330,16,6,6,455,Meadow Lakes No. 2,AK,AK,0.213186813187,0.725274725275,0.293939393939,3.40206185567,0.0131868131868,0.227166276347,0.772833723653
10-135,178,597,28,12,12,827,Meadow Lakes No. 3,AK,AK,0.215235792019,0.721886336155,0.298157453936,3.35393258427,0.0145102781137,0.229677419355,0.770322580645
10-140,143,656,9,5,16,829,Knik Goose Bay No. 1,AK,AK,0.172496984318,0.791314837153,0.217987804878,4.58741258741,0.0193003618818,0.178973717146,0.821026282854
10-145,104,439,11,4,4,562,Knik Goose Bay No. 2,AK,AK,0.185053380783,0.781138790036,0.236902050114,4.22115384615,0.00711743772242,0.19152854512,0.80847145488
10-150,178,609,18,5,9,819,Knik Goose Bay No. 3,AK,AK,0.217338217338,0.74358974359,0.292282430213,3.42134831461,0.010989010989,0.226175349428,0.773824650572
10-155,197,720,38,5,11,971,Big Lake,AK,AK,0.202883625129,0.741503604531,0.273611111111,3.65482233503,0.0113285272915,0.214830970556,0.785169029444
10-Early,173,538,5,5,11,732,Voting,AK,AK,0.236338797814,0.734972677596,0.32156133829,3.1098265896,0.0150273224044,0.243319268636,0.756680731364
11-200,69,272,9,1,6,357,Fairview No. 1,AK,AK,0.193277310924,0.761904761905,0.253676470588,3.94202898551,0.0168067226891,0.202346041056,0.797653958944
11-205,132,377,14,3,5,531,Fairview No. 2,AK,AK,0.248587570621,0.709981167608,0.350132625995,2.85606060606,0.00941619585687,0.259332023576,0.740667976424
11-210,133,447,15,6,10,611,Snowshoe,AK,AK,0.21767594108,0.731587561375,0.297539149888,3.36090225564,0.0163666121113,0.229310344828,0.770689655172
11-215,281,722,30,9,17,1059,Lazy Mountain,AK,AK,0.265344664778,0.681775259679,0.3891966759,2.56939501779,0.0160528800755,0.280159521436,0.719840478564
11-220,261,748,16,7,14,1046,Butte,AK,AK,0.249521988528,0.715105162524,0.348930481283,2.86590038314,0.0133843212237,0.258671952428,0.741328047572
11-225,342,784,24,9,14,1173,Eklutna,AK,AK,0.291560102302,0.668371696505,0.436224489796,2.29239766082,0.0119352088662,0.303730017762,0.696269982238
11-230,293,898,26,6,11,1234,Peters Creek No. 1,AK,AK,0.237439222042,0.727714748784,0.326280623608,3.06484641638,0.00891410048622,0.246011754828,0.753988245172
11-Early,132,380,8,0,5,525,Voting,AK,AK,0.251428571429,0.72380952381,0.347368421053,2.87878787879,0.00952380952381,0.2578125,0.7421875
12-235,203,584,39,2,9,837,Peters Creek No. 2,AK,AK,0.242532855436,0.697729988053,0.347602739726,2.87684729064,0.010752688172,0.257941550191,0.742058449809
12-240,169,533,20,3,15,740,Fire Lake,AK,AK,0.228378378378,0.72027027027,0.317073170732,3.15384615385,0.0202702702703,0.240740740741,0.759259259259
12-245,199,361,23,0,4,587,JBER No. 1,AK,AK,0.339011925043,0.614991482112,0.551246537396,1.81407035176,0.00681431005111,0.355357142857,0.644642857143
12-250,274,713,28,7,8,1030,Downtown Eagle River No. 1,AK,AK,0.266019417476,0.692233009709,0.384291725105,2.60218978102,0.00776699029126,0.277608915907,0.722391084093
12-255,212,457,16,4,6,695,Chugach Park No. 1,AK,AK,0.305035971223,0.657553956835,0.463894967177,2.15566037736,0.00863309352518,0.316890881913,0.683109118087
12-Early,50,78,1,1,2,132,Voting,AK,AK,0.378787878788,0.590909090909,0.641025641026,1.56,0.0151515151515,0.390625,0.609375
13-300,156,398,18,0,3,575,JBER No. 2,AK,AK,0.271304347826,0.692173913043,0.391959798995,2.55128205128,0.00521739130435,0.281588447653,0.718411552347
13-305,334,464,19,1,9,827,Creekside Park,AK,AK,0.403869407497,0.561064087062,0.719827586207,1.38922155689,0.0108827085852,0.418546365915,0.581453634085
13-310,368,308,25,6,3,710,Muldoon No. 1,AK,AK,0.518309859155,0.433802816901,1.19480519481,0.836956521739,0.00422535211268,0.544378698225,0.455621301775
13-315,255,236,16,0,8,515,Muldoon No. 2,AK,AK,0.495145631068,0.458252427184,1.08050847458,0.925490196078,0.0155339805825,0.519348268839,0.480651731161
13-320,270,251,13,5,3,542,North Muldoon,AK,AK,0.49815498155,0.463099630996,1.07569721116,0.92962962963,0.00553505535055,0.518234165067,0.481765834933
13-Early,178,120,2,1,2,303,Voting,AK,AK,0.587458745875,0.39603960396,1.48333333333,0.674157303371,0.00660066006601,0.597315436242,0.402684563758
14-325,252,217,11,7,4,491,Russian Jack,AK,AK,0.513238289206,0.441955193483,1.16129032258,0.861111111111,0.0081466395112,0.537313432836,0.462686567164
14-330,429,363,17,9,14,832,Nunaka Valley,AK,AK,0.515625,0.436298076923,1.18181818182,0.846153846154,0.0168269230769,0.541666666667,0.458333333333
14-335,222,287,8,4,4,525,Northeast Anchorage,AK,AK,0.422857142857,0.546666666667,0.773519163763,1.29279279279,0.00761904761905,0.436149312377,0.563850687623
14-340,333,351,14,5,1,704,College Gate,AK,AK,0.473011363636,0.498579545455,0.948717948718,1.05405405405,0.00142045454545,0.486842105263,0.513157894737
14-345,250,319,16,4,7,596,Chester Valley,AK,AK,0.419463087248,0.535234899329,0.783699059561,1.276,0.011744966443,0.439367311072,0.560632688928
14-350,498,599,28,8,6,1139,Reflection Lake,AK,AK,0.437225636523,0.525899912204,0.831385642738,1.20281124498,0.00526777875329,0.453965360073,0.546034639927
14-355,297,286,18,8,5,614,Wonder Park,AK,AK,0.483713355049,0.465798045603,1.03846153846,0.962962962963,0.00814332247557,0.509433962264,0.490566037736
14-Early,287,182,5,4,4,482,Voting,AK,AK,0.595435684647,0.377593360996,1.57692307692,0.634146341463,0.00829875518672,0.611940298507,0.388059701493
15-400,337,317,18,2,4,678,Midtown No. 1,AK,AK,0.497050147493,0.467551622419,1.06309148265,0.940652818991,0.00589970501475,0.515290519878,0.484709480122
15-405,202,140,11,5,5,363,University No. 1,AK,AK,0.556473829201,0.385674931129,1.44285714286,0.693069306931,0.0137741046832,0.590643274854,0.409356725146
15-410,225,219,19,5,3,471,University No. 2,AK,AK,0.477707006369,0.464968152866,1.02739726027,0.973333333333,0.00636942675159,0.506756756757,0.493243243243
15-415,211,219,8,2,2,442,Far North Bicentennial,AK,AK,0.477375565611,0.495475113122,0.963470319635,1.03791469194,0.00452488687783,0.490697674419,0.509302325581
15-420,567,616,35,6,15,1239,Tudor No. 1,AK,AK,0.457627118644,0.497175141243,0.920454545455,1.08641975309,0.0121065375303,0.479289940828,0.520710059172
15-425,269,209,16,7,4,505,Tudor No. 2,AK,AK,0.532673267327,0.413861386139,1.28708133971,0.776951672862,0.00792079207921,0.562761506276,0.437238493724
15-430,213,172,12,1,2,400,East Anchorage,AK,AK,0.5325,0.43,1.23837209302,0.807511737089,0.005,0.553246753247,0.446753246753
15-Early,316,197,6,3,3,525,Voting,AK,AK,0.601904761905,0.375238095238,1.60406091371,0.623417721519,0.00571428571429,0.615984405458,0.384015594542
16-435,222,183,4,4,1,414,Inlet View No. 1,AK,AK,0.536231884058,0.442028985507,1.2131147541,0.824324324324,0.0024154589372,0.548148148148,0.451851851852
16-440,170,149,10,3,1,333,Turnagain No. 1,AK,AK,0.510510510511,0.447447447447,1.14093959732,0.876470588235,0.003003003003,0.532915360502,0.467084639498
16-445,244,198,13,8,8,471,Turnagain No. 2,AK,AK,0.51804670913,0.420382165605,1.23232323232,0.811475409836,0.0169851380042,0.552036199095,0.447963800905
16-450,225,205,15,1,7,453,Willow Crest,AK,AK,0.496688741722,0.452538631347,1.09756097561,0.911111111111,0.0154525386313,0.523255813953,0.476744186047
16-455,246,159,16,4,6,431,Spenard No. 1,AK,AK,0.570765661253,0.368909512761,1.54716981132,0.646341463415,0.0139211136891,0.607407407407,0.392592592593
16-460,448,244,13,12,6,723,Spenard No. 2,AK,AK,0.619640387275,0.337482710927,1.83606557377,0.544642857143,0.00829875518672,0.647398843931,0.352601156069
16-465,178,118,7,7,1,311,Spenard No. 3,AK,AK,0.572347266881,0.379421221865,1.50847457627,0.662921348315,0.0032154340836,0.601351351351,0.398648648649
16-470,117,93,4,3,5,222,Fireweed,AK,AK,0.527027027027,0.418918918919,1.25806451613,0.794871794872,0.0225225225225,0.557142857143,0.442857142857
16-475,195,198,6,4,0,403,Midtown No. 2,AK,AK,0.483870967742,0.491315136476,0.984848484848,1.01538461538,0.0,0.496183206107,0.503816793893
16-480,399,284,10,8,2,703,Rogers Park,AK,AK,0.567567567568,0.403982930299,1.40492957746,0.711779448622,0.00284495021337,0.584187408492,0.415812591508
16-Early,459,292,12,3,5,771,Voting,AK,AK,0.5953307393,0.378728923476,1.57191780822,0.636165577342,0.0064850843061,0.611185086551,0.388814913449
17-500,307,158,24,7,8,504,North Mt View No. 1,AK,AK,0.609126984127,0.313492063492,1.94303797468,0.514657980456,0.015873015873,0.660215053763,0.339784946237
17-505,316,161,10,3,3,493,North Mt View No. 2,AK,AK,0.640973630832,0.326572008114,1.96273291925,0.509493670886,0.00608519269777,0.662473794549,0.337526205451
17-510,372,266,17,3,7,665,South Mt View No. 1,AK,AK,0.559398496241,0.4,1.3984962406,0.715053763441,0.0105263157895,0.583072100313,0.416927899687
17-515,156,104,8,1,3,272,South Mt View No. 2,AK,AK,0.573529411765,0.382352941176,1.5,0.666666666667,0.0110294117647,0.6,0.4
17-520,322,230,17,2,8,579,Airport Heights No. 1,AK,AK,0.556131260794,0.397236614853,1.4,0.714285714286,0.013816925734,0.583333333333,0.416666666667
17-525,549,282,15,9,6,861,Airport Heights No. 2,AK,AK,0.637630662021,0.327526132404,1.94680851064,0.513661202186,0.00696864111498,0.660649819495,0.339350180505
17-Early,179,59,1,1,1,241,Voting,AK,AK,0.742738589212,0.244813278008,3.03389830508,0.329608938547,0.00414937759336,0.752100840336,0.247899159664
18-530,271,190,13,9,6,489,Government Hill,AK,AK,0.554192229039,0.38854805726,1.42631578947,0.70110701107,0.0122699386503,0.587852494577,0.412147505423
18-535,511,309,22,8,8,858,Merrill Field,AK,AK,0.595571095571,0.36013986014,1.65372168285,0.60469667319,0.00932400932401,0.623170731707,0.376829268293
18-540,179,113,10,6,0,308,Downtown Anch No. 1,AK,AK,0.581168831169,0.366883116883,1.58407079646,0.631284916201,0.0,0.61301369863,0.38698630137
18-545,263,157,10,5,2,437,Downtown Anch No. 2,AK,AK,0.601830663616,0.359267734554,1.67515923567,0.596958174905,0.0045766590389,0.62619047619,0.37380952381
18-550,96,112,5,2,4,219,Downtown Anch No. 3,AK,AK,0.438356164384,0.511415525114,0.857142857143,1.16666666667,0.0182648401826,0.461538461538,0.538461538462
18-555,348,211,21,13,8,601,Downtown Anch No. 4,AK,AK,0.579034941764,0.351081530782,1.64928909953,0.60632183908,0.0133111480865,0.622540250447,0.377459749553
18-560,366,177,8,3,2,556,Westchester No. 1,AK,AK,0.658273381295,0.318345323741,2.06779661017,0.483606557377,0.00359712230216,0.674033149171,0.325966850829
18-565,236,101,8,5,2,352,Westchester No. 2,AK,AK,0.670454545455,0.286931818182,2.33663366337,0.427966101695,0.00568181818182,0.700296735905,0.299703264095
18-570,312,155,10,5,8,490,Fairview,AK,AK,0.636734693878,0.316326530612,2.01290322581,0.496794871795,0.0163265306122,0.668094218415,0.331905781585
18-Early,390,163,8,7,1,569,Voting,AK,AK,0.685413005272,0.286467486819,2.39263803681,0.417948717949,0.00175746924429,0.705244122966,0.294755877034
19-600,558,383,23,5,7,976,Inlet View No. 2,AK,AK,0.571721311475,0.392418032787,1.45691906005,0.686379928315,0.00717213114754,0.59298618491,0.40701381509
19-605,317,419,19,2,5,762,Conners Lake,AK,AK,0.416010498688,0.549868766404,0.756563245823,1.32176656151,0.00656167979003,0.430706521739,0.569293478261
19-610,288,367,15,3,14,687,Sand Lake No. 1,AK,AK,0.419213973799,0.534206695779,0.784741144414,1.27430555556,0.0203784570597,0.439694656489,0.560305343511
19-615,257,261,10,7,7,542,Sand Lake No. 2,AK,AK,0.474169741697,0.481549815498,0.984674329502,1.01556420233,0.0129151291513,0.496138996139,0.503861003861
19-620,313,326,15,5,2,661,Lake Spenard,AK,AK,0.473524962179,0.493192133132,0.960122699387,1.04153354633,0.00302571860817,0.489827856025,0.510172143975
19-625,455,396,16,2,8,877,Lake Hood,AK,AK,0.518814139111,0.451539338655,1.14898989899,0.87032967033,0.00912200684151,0.534665099882,0.465334900118
19-630,252,186,11,2,3,454,Turnagain No. 3,AK,AK,0.555066079295,0.409691629956,1.35483870968,0.738095238095,0.00660792951542,0.575342465753,0.424657534247
19-635,432,381,20,6,9,848,Turnagain No. 4,AK,AK,0.509433962264,0.44929245283,1.13385826772,0.881944444444,0.0106132075472,0.531365313653,0.468634686347
19-Early,415,263,5,9,1,693,Voting,AK,AK,0.598845598846,0.379509379509,1.57794676806,0.633734939759,0.001443001443,0.61209439528,0.38790560472
20-640,332,551,20,8,8,919,Dimond No. 1,AK,AK,0.361262241567,0.599564744287,0.602540834846,1.65963855422,0.00870511425462,0.375990939977,0.624009060023
20-645,424,836,21,13,18,1312,Kincaid,AK,AK,0.323170731707,0.637195121951,0.507177033493,1.97169811321,0.0137195121951,0.336507936508,0.663492063492
20-650,277,326,13,3,10,629,Jewel Lake No. 1,AK,AK,0.440381558029,0.518282988871,0.849693251534,1.17689530686,0.0158982511924,0.459369817579,0.540630182421
20-655,263,368,14,5,9,659,Jewel Lake No. 2,AK,AK,0.39908952959,0.55842185129,0.714673913043,1.39923954373,0.0136570561457,0.416798732171,0.583201267829
20-660,427,585,40,8,14,1074,Campbell Lake,AK,AK,0.397579143389,0.54469273743,0.729914529915,1.3700234192,0.0130353817505,0.421936758893,0.578063241107
20-665,303,457,20,13,12,805,Sand Lake No. 3,AK,AK,0.376397515528,0.567701863354,0.663019693654,1.50825082508,0.0149068322981,0.398684210526,0.601315789474
20-670,147,192,11,2,2,354,Sand Lake No. 4,AK,AK,0.415254237288,0.542372881356,0.765625,1.30612244898,0.00564971751412,0.433628318584,0.566371681416
20-Early,269,304,9,2,5,589,Voting,AK,AK,0.456706281834,0.516129032258,0.884868421053,1.13011152416,0.00848896434635,0.469458987784,0.530541012216
21-700,319,501,24,3,13,860,Huffman No. 1,AK,AK,0.370930232558,0.582558139535,0.636726546906,1.57053291536,0.0151162790698,0.389024390244,0.610975609756
21-705,245,386,6,8,9,654,Huffman No. 2,AK,AK,0.374617737003,0.590214067278,0.634715025907,1.57551020408,0.0137614678899,0.388272583201,0.611727416799
21-710,327,629,11,3,12,982,Klatt,AK,AK,0.33299389002,0.640529531568,0.51987281399,1.92354740061,0.0122199592668,0.342050209205,0.657949790795
21-715,296,478,13,2,4,793,Southport,AK,AK,0.373266078184,0.602774274905,0.619246861925,1.61486486486,0.00504413619168,0.382428940568,0.617571059432
21-720,263,395,22,4,6,690,Ocean View No. 1,AK,AK,0.38115942029,0.572463768116,0.66582278481,1.50190114068,0.00869565217391,0.399696048632,0.600303951368
21-725,381,613,21,5,6,1026,Ocean View No. 2,AK,AK,0.37134502924,0.59746588694,0.621533442088,1.60892388451,0.00584795321637,0.383299798793,0.616700201207
21-730,460,769,21,8,6,1264,Bayshore,AK,AK,0.363924050633,0.608386075949,0.598179453836,1.67173913043,0.00474683544304,0.374288039056,0.625711960944
21-Early,333,471,10,6,6,826,Voting,AK,AK,0.403147699758,0.570217917676,0.707006369427,1.41441441441,0.00726392251816,0.414179104478,0.585820895522
22-735,184,201,12,2,6,405,Northwood,AK,AK,0.454320987654,0.496296296296,0.915422885572,1.09239130435,0.0148148148148,0.477922077922,0.522077922078
22-740,308,326,12,8,2,656,Arctic,AK,AK,0.469512195122,0.496951219512,0.944785276074,1.05844155844,0.0030487804878,0.485804416404,0.514195583596
22-745,128,166,9,0,4,307,Midtown No. 3,AK,AK,0.416938110749,0.540716612378,0.771084337349,1.296875,0.0130293159609,0.43537414966,0.56462585034
22-750,297,393,22,4,8,724,Taku,AK,AK,0.410220994475,0.542817679558,0.75572519084,1.32323232323,0.0110497237569,0.430434782609,0.569565217391
22-755,271,350,14,4,6,645,Campbell Creek No. 1,AK,AK,0.42015503876,0.542635658915,0.774285714286,1.29151291513,0.0093023255814,0.436392914654,0.563607085346
22-760,236,240,9,5,4,494,Campbell Creek No. 2,AK,AK,0.477732793522,0.485829959514,0.983333333333,1.01694915254,0.0080971659919,0.495798319328,0.504201680672
22-765,327,430,16,5,6,784,Campbell Creek No. 3,AK,AK,0.417091836735,0.548469387755,0.760465116279,1.31498470948,0.00765306122449,0.431968295905,0.568031704095
22-770,237,299,8,4,5,553,Dimond No. 2,AK,AK,0.428571428571,0.54068716094,0.792642140468,1.26160337553,0.00904159132007,0.442164179104,0.557835820896
22-Early,267,236,5,3,2,513,Voting,AK,AK,0.520467836257,0.460038986355,1.1313559322,0.883895131086,0.00389863547758,0.530815109344,0.469184890656
23-800,387,488,15,4,4,898,Abbott Loop No. 1,AK,AK,0.430957683742,0.543429844098,0.793032786885,1.26098191214,0.00445434298441,0.442285714286,0.557714285714
23-805,249,459,16,10,0,734,Abbott Loop No. 2,AK,AK,0.339237057221,0.625340599455,0.542483660131,1.84337349398,0.0,0.351694915254,0.648305084746
23-810,162,454,10,3,3,632,Huffman No. 3,AK,AK,0.256329113924,0.71835443038,0.356828193833,2.8024691358,0.00474683544304,0.262987012987,0.737012987013
23-815,314,620,19,2,7,962,Huffman No. 4,AK,AK,0.326403326403,0.644490644491,0.506451612903,1.97452229299,0.00727650727651,0.336188436831,0.663811563169
23-820,411,609,28,4,9,1061,Huffman No. 5,AK,AK,0.387370405278,0.573986804901,0.674876847291,1.48175182482,0.00848256361923,0.402941176471,0.597058823529
23-825,297,341,11,4,12,665,Independence Park No. 1,AK,AK,0.446616541353,0.512781954887,0.870967741935,1.14814814815,0.018045112782,0.465517241379,0.534482758621
23-830,153,252,7,1,1,414,Independence Park No. 2,AK,AK,0.369565217391,0.608695652174,0.607142857143,1.64705882353,0.0024154589372,0.377777777778,0.622222222222
23-835,143,173,16,4,2,338,O'Malley,AK,AK,0.423076923077,0.511834319527,0.826589595376,1.20979020979,0.00591715976331,0.45253164557,0.54746835443
23-Early,344,470,9,5,2,830,Voting,AK,AK,0.414457831325,0.566265060241,0.731914893617,1.36627906977,0.00240963855422,0.422604422604,0.577395577396
24-840,105,95,7,2,1,210,East Dowling,AK,AK,0.5,0.452380952381,1.10526315789,0.904761904762,0.0047619047619,0.525,0.475
24-845,436,637,29,8,15,1125,Abbott Loop No. 3,AK,AK,0.387555555556,0.566222222222,0.684458398744,1.46100917431,0.0133333333333,0.406337371855,0.593662628145
24-850,399,502,16,2,4,923,Abbott Loop No. 4,AK,AK,0.432286023835,0.543878656555,0.794820717131,1.25814536341,0.00433369447454,0.442841287458,0.557158712542
24-855,334,503,20,8,1,866,Lore No. 1,AK,AK,0.385681293303,0.580831408776,0.664015904573,1.50598802395,0.00115473441109,0.399044205496,0.600955794504
24-860,295,395,24,7,4,725,Lore No. 2,AK,AK,0.406896551724,0.544827586207,0.746835443038,1.33898305085,0.00551724137931,0.427536231884,0.572463768116
24-865,244,323,11,0,6,584,Independence Park No. 3,AK,AK,0.417808219178,0.553082191781,0.755417956656,1.3237704918,0.0102739726027,0.430335097002,0.569664902998
24-870,343,424,16,8,7,798,Laurel/Dowling,AK,AK,0.429824561404,0.531328320802,0.808962264151,1.2361516035,0.00877192982456,0.447196870926,0.552803129074
24-Early,331,317,3,4,0,655,Voting,AK,AK,0.50534351145,0.483969465649,1.04416403785,0.957703927492,0.0,0.510802469136,0.489197530864
25-900,436,660,24,9,11,1140,Cheney Lake,AK,AK,0.382456140351,0.578947368421,0.660606060606,1.51376146789,0.00964912280702,0.397810218978,0.602189781022
25-905,210,333,13,2,4,562,Muldoon No. 3,AK,AK,0.373665480427,0.592526690391,0.630630630631,1.58571428571,0.00711743772242,0.386740331492,0.613259668508
25-910,359,461,32,6,14,872,Muldoon No. 4,AK,AK,0.411697247706,0.528669724771,0.77874186551,1.28412256267,0.0160550458716,0.437804878049,0.562195121951
25-915,234,281,10,6,4,535,Chugach Ft. Hills No. 1,AK,AK,0.43738317757,0.52523364486,0.832740213523,1.20085470085,0.00747663551402,0.454368932039,0.545631067961
25-920,373,400,22,8,17,820,Chugach Ft. Hills No. 2,AK,AK,0.45487804878,0.487804878049,0.9325,1.07238605898,0.0207317073171,0.482535575679,0.517464424321
25-925,275,438,8,6,6,733,Scenic Park,AK,AK,0.37517053206,0.597544338336,0.627853881279,1.59272727273,0.00818553888131,0.385694249649,0.614305750351
25-930,547,563,35,12,11,1168,Baxter,AK,AK,0.468321917808,0.482020547945,0.971580817052,1.02925045704,0.00941780821918,0.492792792793,0.507207207207
25-935,105,105,4,0,1,215,Stuckagain Heights,AK,AK,0.488372093023,0.488372093023,1.0,1.0,0.0046511627907,0.5,0.5
25-Early,365,319,8,9,3,704,Voting,AK,AK,0.518465909091,0.453125,1.14420062696,0.87397260274,0.00426136363636,0.533625730994,0.466374269006
26-940,202,542,27,3,11,785,Downtown Eagle River No. 2,AK,AK,0.257324840764,0.690445859873,0.372693726937,2.68316831683,0.0140127388535,0.271505376344,0.728494623656
26-945,238,526,20,9,11,804,Meadow Creek No. 1,AK,AK,0.296019900498,0.654228855721,0.45247148289,2.21008403361,0.0136815920398,0.311518324607,0.688481675393
26-950,272,637,13,2,4,928,Meadow Creek No. 2,AK,AK,0.293103448276,0.686422413793,0.427001569859,2.34191176471,0.00431034482759,0.299229922992,0.700770077008
26-955,137,322,7,3,4,473,Eagle River No. 1,AK,AK,0.289640591966,0.680761099366,0.425465838509,2.3503649635,0.00845665961945,0.298474945534,0.701525054466
26-960,347,757,25,9,14,1152,Eagle River No. 2,AK,AK,0.301215277778,0.657118055556,0.458388375165,2.18155619597,0.0121527777778,0.314311594203,0.685688405797
26-965,485,918,37,7,11,1458,Chugach Park No. 2,AK,AK,0.332647462277,0.62962962963,0.528322440087,1.89278350515,0.00754458161866,0.345687811832,0.654312188168
26-970,267,696,26,5,5,999,Hiland,AK,AK,0.267267267267,0.696696696697,0.383620689655,2.60674157303,0.00500500500501,0.277258566978,0.722741433022
26-Early,167,240,3,4,3,417,Voting,AK,AK,0.400479616307,0.575539568345,0.695833333333,1.4371257485,0.00719424460432,0.410319410319,0.589680589681
27-105,295,567,13,4,3,882,Rabbit Creek No. 1,AK,AK,0.334467120181,0.642857142857,0.520282186949,1.92203389831,0.00340136054422,0.34222737819,0.65777262181
27-110,370,604,11,8,9,1002,Rabbit Creek No. 2,AK,AK,0.369261477046,0.602794411178,0.612582781457,1.63243243243,0.00898203592814,0.379876796715,0.620123203285
27-115,250,542,14,5,4,815,Huffman No. 7,AK,AK,0.306748466258,0.665030674847,0.461254612546,2.168,0.00490797546012,0.315656565657,0.684343434343
27-120,318,531,17,5,2,873,Huffman No. 8,AK,AK,0.364261168385,0.60824742268,0.598870056497,1.66981132075,0.00229095074456,0.374558303887,0.625441696113
27-125,330,371,24,5,1,731,Bear Valley,AK,AK,0.451436388509,0.507523939808,0.88948787062,1.12424242424,0.00136798905609,0.470756062767,0.529243937233
27-130,62,60,6,2,2,132,Indian,AK,AK,0.469696969697,0.454545454545,1.03333333333,0.967741935484,0.0151515151515,0.508196721311,0.491803278689
27-135,504,213,34,15,13,779,Girdwood,AK,AK,0.646983311938,0.273427471117,2.3661971831,0.422619047619,0.0166880616175,0.702928870293,0.297071129707
27-140,469,762,23,7,8,1269,Goldenview,AK,AK,0.369582348306,0.600472813239,0.615485564304,1.62473347548,0.00630417651694,0.380991064175,0.619008935825
27-145,338,443,9,6,3,799,Chugach Park No. 3,AK,AK,0.423028785982,0.554443053817,0.762979683973,1.31065088757,0.00375469336671,0.432778489117,0.567221510883
27-Early,588,621,11,6,0,1226,Voting,AK,AK,0.479608482871,0.506525285481,0.946859903382,1.05612244898,0.0,0.48635235732,0.51364764268
28-100,253,335,20,9,12,629,Bear Creek,AK,AK,0.402225755167,0.532591414944,0.755223880597,1.32411067194,0.0190779014308,0.430272108844,0.569727891156
28-110,46,78,3,1,7,135,Cooper Landing,AK,AK,0.340740740741,0.577777777778,0.589743589744,1.69565217391,0.0518518518519,0.370967741935,0.629032258065
28-120,37,28,0,0,0,65,Hope,AK,AK,0.569230769231,0.430769230769,1.32142857143,0.756756756757,0.0,0.569230769231,0.430769230769
28-130,134,549,8,3,9,703,Mackey Lake,AK,AK,0.190611664296,0.78093883357,0.244080145719,4.09701492537,0.0128022759602,0.196193265007,0.803806734993
28-140,63,71,2,4,4,144,Moose Pass,AK,AK,0.4375,0.493055555556,0.887323943662,1.12698412698,0.0277777777778,0.470149253731,0.529850746269
28-150,154,653,15,3,11,836,Nikiski,AK,AK,0.184210526316,0.781100478469,0.235834609495,4.24025974026,0.0131578947368,0.19083023544,0.80916976456
28-160,142,706,20,5,13,886,Salamatoff,AK,AK,0.160270880361,0.79683972912,0.201133144476,4.97183098592,0.0146726862302,0.167452830189,0.832547169811
28-170,325,346,26,10,7,714,Seward-Lowell Point,AK,AK,0.455182072829,0.484593837535,0.939306358382,1.06461538462,0.00980392156863,0.48435171386,0.51564828614
28-180,113,541,11,8,4,677,Sterling No. 1,AK,AK,0.166912850812,0.799113737075,0.20887245841,4.78761061947,0.00590841949778,0.172782874618,0.827217125382
28-190,122,591,13,10,7,743,Sterling No. 2,AK,AK,0.164199192463,0.795423956931,0.206429780034,4.84426229508,0.00942126514132,0.17110799439,0.82889200561
28-Early,1,0,0,0,0,1,Voting,AK,AK,1.0,0.0,inf,0.0,0.0,1.0,0.0
29-200,194,737,23,8,6,968,Central,AK,AK,0.20041322314,0.761363636364,0.263229308005,3.79896907216,0.00619834710744,0.208378088077,0.791621911923
29-210,223,805,19,5,7,1059,K-Beach,AK,AK,0.210576015109,0.76015108593,0.27701863354,3.60986547085,0.00661000944287,0.216926070039,0.783073929961
29-220,254,736,27,10,14,1041,Kenai No. 1,AK,AK,0.243996157541,0.707012487992,0.345108695652,2.89763779528,0.0134486071085,0.256565656566,0.743434343434
29-230,143,364,15,2,6,530,Kenai No. 2,AK,AK,0.269811320755,0.68679245283,0.392857142857,2.54545454545,0.011320754717,0.282051282051,0.717948717949
29-240,136,377,12,4,6,535,Kenai No. 3,AK,AK,0.254205607477,0.704672897196,0.36074270557,2.77205882353,0.011214953271,0.265107212476,0.734892787524
29-250,357,924,38,8,16,1343,Soldotna,AK,AK,0.26582278481,0.688011913626,0.386363636364,2.58823529412,0.01191362621,0.27868852459,0.72131147541
29-Early,0,0,0,0,0,0,Voting,AK,AK,,,,,,,
30-300,180,548,9,12,8,757,Anchor Point,AK,AK,0.237780713342,0.723910171731,0.328467153285,3.04444444444,0.0105680317041,0.247252747253,0.752747252747
30-310,229,180,10,7,4,430,Diamond Ridge,AK,AK,0.532558139535,0.418604651163,1.27222222222,0.786026200873,0.0093023255814,0.559902200489,0.440097799511
30-320,76,123,1,4,1,205,Fox River,AK,AK,0.370731707317,0.6,0.617886178862,1.61842105263,0.00487804878049,0.381909547739,0.618090452261
30-330,50,186,9,1,0,246,Funny River No. 1,AK,AK,0.20325203252,0.756097560976,0.268817204301,3.72,0.0,0.21186440678,0.78813559322
30-340,76,245,7,1,2,331,Funny River No. 2,AK,AK,0.229607250755,0.740181268882,0.310204081633,3.22368421053,0.00604229607251,0.236760124611,0.763239875389
30-350,463,476,19,17,16,991,Homer No. 1,AK,AK,0.467204843592,0.480322906155,0.97268907563,1.02807775378,0.0161453077699,0.493077742279,0.506922257721
30-360,313,395,23,13,7,751,Homer No. 2,AK,AK,0.416777629827,0.525965379494,0.792405063291,1.26198083067,0.00932090545939,0.44209039548,0.55790960452
30-370,410,326,16,16,6,774,Kachemak/Fritz Creek,AK,AK,0.529715762274,0.421188630491,1.25766871166,0.79512195122,0.0077519379845,0.557065217391,0.442934782609
30-380,309,621,33,9,14,986,Kasilof,AK,AK,0.313387423935,0.629817444219,0.497584541063,2.00970873786,0.0141987829615,0.332258064516,0.667741935484
30-390,124,324,17,7,3,475,Ninilchik,AK,AK,0.261052631579,0.682105263158,0.382716049383,2.61290322581,0.00631578947368,0.276785714286,0.723214285714
30-395,88,73,4,6,1,172,Seldovia/Kachemak Bay,AK,AK,0.511627906977,0.424418604651,1.20547945205,0.829545454545,0.00581395348837,0.546583850932,0.453416149068
30-Early,1,0,0,0,0,1,Voting,AK,AK,1.0,0.0,inf,0.0,0.0,1.0,0.0
31-400,466,362,20,20,1,869,Auke Bay,AK,AK,0.536248561565,0.416570771001,1.28729281768,0.776824034335,0.00115074798619,0.562801932367,0.437198067633
31-410,390,331,23,9,12,765,Juneau Airport,AK,AK,0.509803921569,0.432679738562,1.17824773414,0.848717948718,0.0156862745098,0.540915395284,0.459084604716
31-420,348,263,13,10,5,639,Lynn Canal,AK,AK,0.544600938967,0.411580594679,1.32319391635,0.755747126437,0.00782472613459,0.569558101473,0.430441898527
31-430,390,403,22,11,7,833,Mendenhall Valley No. 1,AK,AK,0.46818727491,0.483793517407,0.967741935484,1.03333333333,0.00840336134454,0.491803278689,0.508196721311
31-440,438,486,24,6,8,962,Mendenhall Valley No. 2,AK,AK,0.455301455301,0.505197505198,0.901234567901,1.1095890411,0.00831600831601,0.474025974026,0.525974025974
31-450,396,491,29,10,10,936,Mendenhall Valley No. 3,AK,AK,0.423076923077,0.524572649573,0.806517311609,1.2398989899,0.0106837606838,0.446448703495,0.553551296505
31-460,566,586,35,11,5,1203,Mendenhall Valley No. 4,AK,AK,0.470490440565,0.487115544472,0.965870307167,1.03533568905,0.00415627597672,0.491319444444,0.508680555556
31-Early,669,495,17,15,5,1201,Voting,AK,AK,0.557035803497,0.41215653622,1.35151515152,0.739910313901,0.00416319733555,0.574742268041,0.425257731959
32-500,532,224,26,16,6,804,Douglas,AK,AK,0.661691542289,0.278606965174,2.375,0.421052631579,0.00746268656716,0.703703703704,0.296296296296
32-505,126,79,10,2,2,219,Gustavus,AK,AK,0.575342465753,0.360730593607,1.59493670886,0.626984126984,0.00913242009132,0.614634146341,0.385365853659
32-510,559,225,19,15,4,822,Juneau No. 1,AK,AK,0.6800486618,0.273722627737,2.48444444444,0.402504472272,0.00486618004866,0.713010204082,0.286989795918
32-515,868,148,27,28,2,1073,Juneau No. 2,AK,AK,0.808946877912,0.137931034483,5.86486486486,0.170506912442,0.00186393289842,0.854330708661,0.145669291339
32-520,294,169,11,8,3,485,Juneau No. 3,AK,AK,0.60618556701,0.348453608247,1.73964497041,0.574829931973,0.00618556701031,0.634989200864,0.365010799136
32-525,315,275,22,6,3,621,Lemon Creek,AK,AK,0.507246376812,0.442834138486,1.14545454545,0.873015873016,0.0048309178744,0.533898305085,0.466101694915
32-530,433,211,15,4,1,664,North Douglas,AK,AK,0.652108433735,0.317771084337,2.05213270142,0.487297921478,0.00150602409639,0.672360248447,0.327639751553
32-535,508,573,42,8,9,1140,Petersburg-Kupreanof,AK,AK,0.445614035088,0.502631578947,0.886561954625,1.12795275591,0.00789473684211,0.469935245143,0.530064754857
32-540,233,124,18,26,3,404,Skagway,AK,AK,0.576732673267,0.306930693069,1.87903225806,0.532188841202,0.00742574257426,0.652661064426,0.347338935574
32-545,21,19,5,1,1,47,Tenakee Springs,AK,AK,0.446808510638,0.404255319149,1.10526315789,0.904761904762,0.0212765957447,0.525,0.475
32-Early,332,167,6,7,1,513,Voting,AK,AK,0.647173489279,0.325536062378,1.9880239521,0.503012048193,0.00194931773879,0.665330661323,0.334669338677
33-600,339,263,23,10,10,645,Ketchikan No. 1,AK,AK,0.525581395349,0.407751937984,1.28897338403,0.77581120944,0.015503875969,0.563122923588,0.436877076412
33-610,404,473,39,11,16,943,Ketchikan No. 2,AK,AK,0.428419936373,0.501590668081,0.854122621564,1.17079207921,0.016967126193,0.460661345496,0.539338654504
33-620,212,398,19,9,6,644,Ketchikan No. 3,AK,AK,0.329192546584,0.61801242236,0.532663316583,1.87735849057,0.00931677018634,0.347540983607,0.652459016393
33-630,19,43,9,1,4,76,North Prince of Wales,AK,AK,0.25,0.565789473684,0.441860465116,2.26315789474,0.0526315789474,0.306451612903,0.693548387097
33-640,106,207,22,2,5,342,North Tongass No. 1,AK,AK,0.309941520468,0.605263157895,0.512077294686,1.95283018868,0.0146198830409,0.338658146965,0.661341853035
33-650,226,501,24,5,9,765,North Tongass No. 2,AK,AK,0.295424836601,0.654901960784,0.451097804391,2.21681415929,0.0117647058824,0.310866574966,0.689133425034
33-660,72,48,4,3,0,127,Saxman,AK,AK,0.566929133858,0.377952755906,1.5,0.666666666667,0.0,0.6,0.4
33-670,213,379,18,13,8,631,South Tongass,AK,AK,0.337559429477,0.600633914422,0.562005277045,1.779342723,0.0126782884311,0.359797297297,0.640202702703
33-680,44,154,12,3,4,217,Thorne Bay,AK,AK,0.202764976959,0.709677419355,0.285714285714,3.5,0.0184331797235,0.222222222222,0.777777777778
33-690,252,513,19,4,5,793,Wrangell,AK,AK,0.317780580076,0.646910466583,0.491228070175,2.03571428571,0.0063051702396,0.329411764706,0.670588235294
33-Early,5,1,0,0,0,6,Voting,AK,AK,0.833333333333,0.166666666667,5.0,0.2,0.0,0.833333333333,0.166666666667
34-,163,112,6,4,4,289,Question,AK,AK,0.56401384083,0.387543252595,1.45535714286,0.687116564417,0.0138408304498,0.592727272727,0.407272727273
34-700,147,41,6,2,0,196,Angoon,AK,AK,0.75,0.209183673469,3.58536585366,0.278911564626,0.0,0.781914893617,0.218085106383
34-705,193,194,19,3,3,412,Craig,AK,AK,0.468446601942,0.470873786408,0.994845360825,1.00518134715,0.00728155339806,0.498708010336,0.501291989664
34-710,402,388,32,15,9,846,Haines No. 1,AK,AK,0.475177304965,0.458628841608,1.03608247423,0.965174129353,0.0106382978723,0.508860759494,0.491139240506
34-715,35,57,4,3,3,102,Haines No. 2,AK,AK,0.343137254902,0.558823529412,0.614035087719,1.62857142857,0.0294117647059,0.380434782609,0.619565217391
34-720,197,127,4,1,1,330,Hoonah,AK,AK,0.59696969697,0.384848484848,1.55118110236,0.644670050761,0.0030303030303,0.608024691358,0.391975308642
34-725,92,17,0,0,0,109,Hydaburg,AK,AK,0.844036697248,0.155963302752,5.41176470588,0.184782608696,0.0,0.844036697248,0.155963302752
34-730,132,52,2,2,0,188,Kake,AK,AK,0.702127659574,0.276595744681,2.53846153846,0.393939393939,0.0,0.717391304348,0.282608695652
34-735,7,14,1,0,6,28,Kasaan,AK,AK,0.25,0.5,0.5,2.0,0.214285714286,0.333333333333,0.666666666667
34-740,138,119,2,1,3,263,Klawock,AK,AK,0.524714828897,0.45247148289,1.15966386555,0.86231884058,0.0114068441065,0.536964980545,0.463035019455
34-745,24,17,0,1,0,42,Klukwan,AK,AK,0.571428571429,0.404761904762,1.41176470588,0.708333333333,0.0,0.585365853659,0.414634146341
34-750,311,136,13,10,2,472,Metlakatla,AK,AK,0.658898305085,0.28813559322,2.28676470588,0.43729903537,0.00423728813559,0.695749440716,0.304250559284
34-755,12,31,1,3,1,48,Pelican,AK,AK,0.25,0.645833333333,0.387096774194,2.58333333333,0.0208333333333,0.279069767442,0.720930232558
34-760,11,7,0,0,0,18,Port Alexander,AK,AK,0.611111111111,0.388888888889,1.57142857143,0.636363636364,0.0,0.611111111111,0.388888888889
34-765,815,680,62,19,17,1593,Sitka No. 1,AK,AK,0.511613308223,0.426867545512,1.19852941176,0.834355828221,0.0106716886378,0.545150501672,0.454849498328
34-770,900,619,42,20,20,1601,Sitka No. 2,AK,AK,0.562148657089,0.386633354154,1.45395799677,0.687777777778,0.0124921923798,0.592495062541,0.407504937459
34-Early,22,5,0,0,1,28,Voting,AK,AK,0.785714285714,0.178571428571,4.4,0.227272727273,0.0357142857143,0.814814814815,0.185185185185
35-800,12,29,1,1,1,44,Chiniak,AK,AK,0.272727272727,0.659090909091,0.413793103448,2.41666666667,0.0227272727273,0.292682926829,0.707317073171
35-805,361,380,16,12,7,776,Cordova,AK,AK,0.465206185567,0.489690721649,0.95,1.05263157895,0.0090206185567,0.487179487179,0.512820512821
35-810,183,352,14,8,3,560,Flats,AK,AK,0.326785714286,0.628571428571,0.519886363636,1.92349726776,0.00535714285714,0.342056074766,0.657943925234
35-815,13,18,0,1,1,33,Kodiak Island South,AK,AK,0.393939393939,0.545454545455,0.722222222222,1.38461538462,0.030303030303,0.41935483871,0.58064516129
35-820,311,360,14,9,4,698,Kodiak No. 1,AK,AK,0.445558739255,0.515759312321,0.863888888889,1.1575562701,0.00573065902579,0.46348733234,0.53651266766
35-825,358,344,14,3,6,725,Kodiak No. 2,AK,AK,0.493793103448,0.474482758621,1.04069767442,0.960893854749,0.00827586206897,0.509971509972,0.490028490028
35-830,513,887,29,22,13,1464,Mission Road,AK,AK,0.350409836066,0.60587431694,0.578354002255,1.72904483431,0.00887978142077,0.366428571429,0.633571428571
35-835,28,22,5,0,0,55,Old Harbor,AK,AK,0.509090909091,0.4,1.27272727273,0.785714285714,0.0,0.56,0.44
35-840,50,15,2,0,1,68,Ouzinkie,AK,AK,0.735294117647,0.220588235294,3.33333333333,0.3,0.0147058823529,0.769230769231,0.230769230769
35-845,18,45,1,0,0,64,Port Lions,AK,AK,0.28125,0.703125,0.4,2.5,0.0,0.285714285714,0.714285714286
35-850,0,0,0,0,0,0,Tatitlek,AK,AK,,,,,,,
35-855,50,38,1,1,3,93,Whittier,AK,AK,0.537634408602,0.408602150538,1.31578947368,0.76,0.0322580645161,0.568181818182,0.431818181818
35-860,121,82,7,0,1,211,Yakutat,AK,AK,0.57345971564,0.388625592417,1.4756097561,0.677685950413,0.00473933649289,0.5960591133,0.4039408867
35-Early,2,0,0,0,1,3,Voting,AK,AK,0.666666666667,0.0,inf,0.0,0.333333333333,1.0,0.0
36-002,87,22,1,1,1,112,Akiachak,AK,AK,0.776785714286,0.196428571429,3.95454545455,0.252873563218,0.00892857142857,0.798165137615,0.201834862385
36-004,59,20,7,4,1,91,Akiak,AK,AK,0.648351648352,0.21978021978,2.95,0.338983050847,0.010989010989,0.746835443038,0.253164556962
36-006,31,14,1,1,1,48,Aleknagik,AK,AK,0.645833333333,0.291666666667,2.21428571429,0.451612903226,0.0208333333333,0.688888888889,0.311111111111
36-008,94,42,1,0,0,137,Aniak,AK,AK,0.686131386861,0.306569343066,2.2380952381,0.446808510638,0.0,0.691176470588,0.308823529412
36-010,10,11,0,1,0,22,Anvik,AK,AK,0.454545454545,0.5,0.909090909091,1.1,0.0,0.47619047619,0.52380952381
36-012,37,9,3,2,0,51,Atmautluak,AK,AK,0.725490196078,0.176470588235,4.11111111111,0.243243243243,0.0,0.804347826087,0.195652173913
36-014,88,5,3,1,0,97,Chefornak,AK,AK,0.907216494845,0.0515463917526,17.6,0.0568181818182,0.0,0.94623655914,0.0537634408602
36-016,15,8,0,0,0,23,Chuathbaluk,AK,AK,0.652173913043,0.347826086957,1.875,0.533333333333,0.0,0.652173913043,0.347826086957
36-018,26,4,0,0,2,32,Crooked Creek,AK,AK,0.8125,0.125,6.5,0.153846153846,0.0625,0.866666666667,0.133333333333
36-020,424,239,20,11,2,696,Dillingham,AK,AK,0.609195402299,0.343390804598,1.77405857741,0.563679245283,0.00287356321839,0.6395173454,0.3604826546
36-022,23,12,0,0,1,36,Ekwok,AK,AK,0.638888888889,0.333333333333,1.91666666667,0.521739130435,0.0277777777778,0.657142857143,0.342857142857
36-024,50,3,0,0,0,53,Holy Cross,AK,AK,0.943396226415,0.0566037735849,16.6666666667,0.06,0.0,0.943396226415,0.0566037735849
36-026,68,7,1,0,0,76,Kasigluk,AK,AK,0.894736842105,0.0921052631579,9.71428571429,0.102941176471,0.0,0.906666666667,0.0933333333333
36-028,47,96,8,5,1,157,King Salmon,AK,AK,0.299363057325,0.611464968153,0.489583333333,2.04255319149,0.00636942675159,0.328671328671,0.671328671329
36-030,104,11,3,5,0,123,Kipnuk,AK,AK,0.845528455285,0.0894308943089,9.45454545455,0.105769230769,0.0,0.904347826087,0.095652173913
36-032,34,16,1,0,0,51,Koliganek,AK,AK,0.666666666667,0.313725490196,2.125,0.470588235294,0.0,0.68,0.32
36-034,79,17,1,3,0,100,Kongiganak,AK,AK,0.79,0.17,4.64705882353,0.215189873418,0.0,0.822916666667,0.177083333333
36-036,122,16,4,3,0,145,Kwethluk,AK,AK,0.841379310345,0.110344827586,7.625,0.131147540984,0.0,0.884057971014,0.115942028986
36-038,64,14,4,3,0,85,Kwigillingok,AK,AK,0.752941176471,0.164705882353,4.57142857143,0.21875,0.0,0.820512820513,0.179487179487
36-040,46,34,1,1,0,82,Lake Iliamna No. 1,AK,AK,0.560975609756,0.414634146341,1.35294117647,0.739130434783,0.0,0.575,0.425
36-042,40,17,1,0,0,58,Lake Iliamna No. 2,AK,AK,0.689655172414,0.293103448276,2.35294117647,0.425,0.0,0.701754385965,0.298245614035
36-044,17,4,2,1,0,24,Levelock,AK,AK,0.708333333333,0.166666666667,4.25,0.235294117647,0.0,0.809523809524,0.190476190476
36-046,62,20,4,5,2,93,Lower Kalskag,AK,AK,0.666666666667,0.215053763441,3.1,0.322580645161,0.0215053763441,0.756097560976,0.243902439024
36-048,67,48,6,2,0,123,Manokotak,AK,AK,0.544715447154,0.390243902439,1.39583333333,0.716417910448,0.0,0.582608695652,0.417391304348
36-050,70,83,3,1,2,159,Naknek,AK,AK,0.440251572327,0.522012578616,0.843373493976,1.18571428571,0.0125786163522,0.457516339869,0.542483660131
36-052,56,19,3,0,0,78,Napakiak,AK,AK,0.717948717949,0.24358974359,2.94736842105,0.339285714286,0.0,0.746666666667,0.253333333333
36-054,69,12,1,0,0,82,Napaskiak,AK,AK,0.841463414634,0.146341463415,5.75,0.173913043478,0.0,0.851851851852,0.148148148148
36-056,102,22,4,1,0,129,New Stuyahok,AK,AK,0.790697674419,0.170542635659,4.63636363636,0.21568627451,0.0,0.822580645161,0.177419354839
36-058,76,11,1,1,0,89,Newtok,AK,AK,0.85393258427,0.123595505618,6.90909090909,0.144736842105,0.0,0.873563218391,0.126436781609
36-060,52,12,3,1,0,68,Nightmute,AK,AK,0.764705882353,0.176470588235,4.33333333333,0.230769230769,0.0,0.8125,0.1875
36-062,33,12,1,2,0,48,Nondalton,AK,AK,0.6875,0.25,2.75,0.363636363636,0.0,0.733333333333,0.266666666667
36-064,70,15,3,0,0,88,Nunapitchuk,AK,AK,0.795454545455,0.170454545455,4.66666666667,0.214285714286,0.0,0.823529411765,0.176470588235
36-066,6,5,0,0,1,12,Pedro Bay,AK,AK,0.5,0.416666666667,1.2,0.833333333333,0.0833333333333,0.545454545455,0.454545454545
36-068,59,15,4,5,0,83,Russian Mission,AK,AK,0.710843373494,0.180722891566,3.93333333333,0.254237288136,0.0,0.797297297297,0.202702702703
36-070,29,2,1,0,0,32,Shageluk,AK,AK,0.90625,0.0625,14.5,0.0689655172414,0.0,0.935483870968,0.0645161290323
36-072,21,10,1,0,0,32,Sleetmute,AK,AK,0.65625,0.3125,2.1,0.47619047619,0.0,0.677419354839,0.322580645161
36-074,8,10,2,0,0,20,South Naknek,AK,AK,0.4,0.5,0.8,1.25,0.0,0.444444444444,0.555555555556
36-076,138,18,1,1,1,159,Toksook Bay,AK,AK,0.867924528302,0.11320754717,7.66666666667,0.130434782609,0.0062893081761,0.884615384615,0.115384615385
36-078,49,9,7,2,0,67,Tuluksak,AK,AK,0.731343283582,0.134328358209,5.44444444444,0.183673469388,0.0,0.844827586207,0.155172413793
36-080,76,12,2,0,1,91,Tuntutuliak,AK,AK,0.835164835165,0.131868131868,6.33333333333,0.157894736842,0.010989010989,0.863636363636,0.136363636364
36-082,68,8,3,3,0,82,Tununak,AK,AK,0.829268292683,0.0975609756098,8.5,0.117647058824,0.0,0.894736842105,0.105263157895
36-084,22,0,1,0,1,24,Tyonek,AK,AK,0.916666666667,0.0,inf,0.0,0.0416666666667,1.0,0.0
36-086,42,19,2,1,1,65,Upper Kalskag,AK,AK,0.646153846154,0.292307692308,2.21052631579,0.452380952381,0.0153846153846,0.688524590164,0.311475409836
36-Early,0,0,0,0,0,0,Voting,AK,AK,,,,,,,
37-700,52,22,0,2,5,81,Akutan,AK,AK,0.641975308642,0.271604938272,2.36363636364,0.423076923077,0.0617283950617,0.702702702703,0.297297297297
37-702,29,13,0,0,0,42,Aleutians No. 1,AK,AK,0.690476190476,0.309523809524,2.23076923077,0.448275862069,0.0,0.690476190476,0.309523809524
37-704,441,266,15,3,5,730,Aleutians No. 2,AK,AK,0.604109589041,0.364383561644,1.65789473684,0.603174603175,0.00684931506849,0.623762376238,0.376237623762
37-706,437,141,15,3,4,600,Bethel No. 1,AK,AK,0.728333333333,0.235,3.09929078014,0.322654462243,0.00666666666667,0.756055363322,0.243944636678
37-708,443,217,33,5,5,703,Bethel No. 2,AK,AK,0.630156472262,0.308677098151,2.04147465438,0.489841986456,0.00711237553343,0.671212121212,0.328787878788
37-710,13,5,1,0,0,19,Chignik,AK,AK,0.684210526316,0.263157894737,2.6,0.384615384615,0.0,0.722222222222,0.277777777778
37-712,6,3,1,0,0,10,Clark's Point,AK,AK,0.6,0.3,2.0,0.5,0.0,0.666666666667,0.333333333333
37-714,1,30,0,0,0,31,Cold Bay,AK,AK,0.0322580645161,0.967741935484,0.0333333333333,30.0,0.0,0.0322580645161,0.967741935484
37-716,53,17,3,0,0,73,Eek,AK,AK,0.72602739726,0.232876712329,3.11764705882,0.320754716981,0.0,0.757142857143,0.242857142857
37-718,0,14,0,1,0,15,Egegik,AK,AK,0.0,0.933333333333,0.0,inf,0.0,0.0,1.0
37-720,55,19,4,2,1,81,Goodnews Bay,AK,AK,0.679012345679,0.234567901235,2.89473684211,0.345454545455,0.0123456790123,0.743243243243,0.256756756757
37-722,56,67,2,1,0,126,King Cove,AK,AK,0.444444444444,0.531746031746,0.835820895522,1.19642857143,0.0,0.455284552846,0.544715447154
37-724,34,35,1,2,0,72,Mekoryuk,AK,AK,0.472222222222,0.486111111111,0.971428571429,1.02941176471,0.0,0.492753623188,0.507246376812
37-726,17,13,2,0,0,32,Port Heiden,AK,AK,0.53125,0.40625,1.30769230769,0.764705882353,0.0,0.566666666667,0.433333333333
37-728,75,35,2,2,1,115,Quinhagak,AK,AK,0.652173913043,0.304347826087,2.14285714286,0.466666666667,0.00869565217391,0.681818181818,0.318181818182
37-730,71,95,7,1,0,174,Sand Point,AK,AK,0.408045977011,0.545977011494,0.747368421053,1.33802816901,0.0,0.427710843373,0.572289156627
37-732,20,11,0,0,1,32,St. George Island,AK,AK,0.625,0.34375,1.81818181818,0.55,0.03125,0.645161290323,0.354838709677
37-734,103,18,4,0,0,125,St. Paul Island,AK,AK,0.824,0.144,5.72222222222,0.174757281553,0.0,0.851239669421,0.148760330579
37-736,102,75,8,3,2,190,Togiak,AK,AK,0.536842105263,0.394736842105,1.36,0.735294117647,0.0105263157895,0.576271186441,0.423728813559
37-Early,0,0,0,0,0,0,Voting,AK,AK,,,,,,,
38-805,15,56,3,0,1,75,Anderson,AK,AK,0.2,0.746666666667,0.267857142857,3.73333333333,0.0133333333333,0.211267605634,0.788732394366
38-810,36,46,1,1,1,85,Cantwell,AK,AK,0.423529411765,0.541176470588,0.782608695652,1.27777777778,0.0117647058824,0.439024390244,0.560975609756
38-815,21,40,3,0,0,64,Clear,AK,AK,0.328125,0.625,0.525,1.90476190476,0.0,0.344262295082,0.655737704918
38-820,86,8,1,6,0,101,Denali Park,AK,AK,0.851485148515,0.0792079207921,10.75,0.093023255814,0.0,0.914893617021,0.0851063829787
38-825,318,196,20,13,9,556,Ester,AK,AK,0.571942446043,0.352517985612,1.62244897959,0.616352201258,0.0161870503597,0.618677042802,0.381322957198
38-827,268,181,20,11,12,492,Goldstream No. 1,AK,AK,0.544715447154,0.367886178862,1.48066298343,0.675373134328,0.0243902439024,0.596881959911,0.403118040089
38-830,403,207,36,22,11,679,Goldstream No. 2,AK,AK,0.59351988218,0.304860088365,1.94685990338,0.51364764268,0.0162002945508,0.660655737705,0.339344262295
38-833,28,21,3,1,0,53,Grayling,AK,AK,0.528301886792,0.396226415094,1.33333333333,0.75,0.0,0.571428571429,0.428571428571
38-835,151,190,6,9,1,357,Healy,AK,AK,0.422969187675,0.532212885154,0.794736842105,1.2582781457,0.00280112044818,0.442815249267,0.557184750733
38-845,19,30,0,0,0,49,Manley Hot Springs,AK,AK,0.387755102041,0.612244897959,0.633333333333,1.57894736842,0.0,0.387755102041,0.612244897959
38-853,52,57,5,0,1,115,McGrath,AK,AK,0.452173913043,0.495652173913,0.912280701754,1.09615384615,0.00869565217391,0.477064220183,0.522935779817
38-855,38,11,5,2,0,56,Minto,AK,AK,0.678571428571,0.196428571429,3.45454545455,0.289473684211,0.0,0.775510204082,0.224489795918
38-863,91,164,12,5,6,278,Nenana,AK,AK,0.327338129496,0.589928057554,0.55487804878,1.8021978022,0.0215827338129,0.356862745098,0.643137254902
38-865,31,14,2,0,0,47,Nikolai,AK,AK,0.659574468085,0.297872340426,2.21428571429,0.451612903226,0.0,0.688888888889,0.311111111111
38-870,36,7,1,0,2,46,Ruby,AK,AK,0.782608695652,0.152173913043,5.14285714286,0.194444444444,0.0434782608696,0.837209302326,0.162790697674
38-890,78,10,1,0,0,89,Tanana,AK,AK,0.876404494382,0.112359550562,7.8,0.128205128205,0.0,0.886363636364,0.113636363636
38-893,3,9,0,0,0,12,Takotna,AK,AK,0.25,0.75,0.333333333333,3.0,0.0,0.25,0.75
38-895,185,99,10,15,4,313,University Hills,AK,AK,0.591054313099,0.316293929712,1.86868686869,0.535135135135,0.0127795527157,0.651408450704,0.348591549296
38-900,111,27,0,1,0,139,Alakanuk,AK,AK,0.798561151079,0.194244604317,4.11111111111,0.243243243243,0.0,0.804347826087,0.195652173913
38-904,149,23,1,0,0,173,Chevak,AK,AK,0.861271676301,0.132947976879,6.47826086957,0.154362416107,0.0,0.866279069767,0.133720930233
38-910,132,3,3,44,1,183,Emmonak,AK,AK,0.72131147541,0.016393442623,44.0,0.0227272727273,0.00546448087432,0.977777777778,0.0222222222222
38-916,183,31,3,4,0,221,Hooper Bay,AK,AK,0.828054298643,0.140271493213,5.90322580645,0.169398907104,0.0,0.855140186916,0.144859813084
38-918,93,19,4,1,0,117,Kotlik,AK,AK,0.794871794872,0.162393162393,4.89473684211,0.204301075269,0.0,0.830357142857,0.169642857143
38-920,74,19,2,2,0,97,Marshall,AK,AK,0.762886597938,0.19587628866,3.89473684211,0.256756756757,0.0,0.795698924731,0.204301075269
38-922,112,55,5,6,0,178,Mountain Village,AK,AK,0.629213483146,0.308988764045,2.03636363636,0.491071428571,0.0,0.670658682635,0.329341317365
38-928,45,4,1,2,0,52,Nunam Iqua,AK,AK,0.865384615385,0.0769230769231,11.25,0.0888888888889,0.0,0.918367346939,0.0816326530612
38-930,126,38,1,1,0,166,Pilot Station,AK,AK,0.759036144578,0.228915662651,3.31578947368,0.301587301587,0.0,0.768292682927,0.231707317073
38-936,105,15,2,0,0,122,Scammon Bay,AK,AK,0.860655737705,0.122950819672,7.0,0.142857142857,0.0,0.875,0.125
38-940,104,14,2,0,1,121,St. Mary's,AK,AK,0.859504132231,0.115702479339,7.42857142857,0.134615384615,0.00826446280992,0.881355932203,0.118644067797
38-Early,257,99,6,9,2,373,Voting,AK,AK,0.689008042895,0.265415549598,2.59595959596,0.385214007782,0.00536193029491,0.72191011236,0.27808988764
39-005,35,8,0,1,0,44,Allakaket,AK,AK,0.795454545455,0.181818181818,4.375,0.228571428571,0.0,0.813953488372,0.186046511628
39-007,50,0,0,1,0,51,Arctic Village,AK,AK,0.980392156863,0.0,inf,0.0,0.0,1.0,0.0
39-010,22,5,1,0,0,28,Beaver,AK,AK,0.785714285714,0.178571428571,4.4,0.227272727273,0.0,0.814814814815,0.185185185185
39-012,6,7,1,0,0,14,Bettles,AK,AK,0.428571428571,0.5,0.857142857143,1.16666666667,0.0,0.461538461538,0.538461538462
39-015,8,30,3,2,0,43,Central,AK,AK,0.186046511628,0.697674418605,0.266666666667,3.75,0.0,0.210526315789,0.789473684211
39-020,18,63,5,2,2,90,Chistochina,AK,AK,0.2,0.7,0.285714285714,3.5,0.0222222222222,0.222222222222,0.777777777778
39-023,22,11,0,0,0,33,Circle,AK,AK,0.666666666667,0.333333333333,2.0,0.5,0.0,0.666666666667,0.333333333333
39-025,56,176,9,3,2,246,Copper Center,AK,AK,0.227642276423,0.715447154472,0.318181818182,3.14285714286,0.00813008130081,0.241379310345,0.758620689655
39-027,5,37,2,0,1,45,Dot Lake,AK,AK,0.111111111111,0.822222222222,0.135135135135,7.4,0.0222222222222,0.119047619048,0.880952380952
39-030,25,61,3,0,0,89,Eagle,AK,AK,0.280898876404,0.685393258427,0.409836065574,2.44,0.0,0.290697674419,0.709302325581
39-033,155,35,0,2,0,192,Fort Yukon,AK,AK,0.807291666667,0.182291666667,4.42857142857,0.225806451613,0.0,0.815789473684,0.184210526316
39-035,35,71,0,0,0,106,Gakona,AK,AK,0.330188679245,0.669811320755,0.492957746479,2.02857142857,0.0,0.330188679245,0.669811320755
39-037,89,81,5,2,0,177,Galena,AK,AK,0.502824858757,0.457627118644,1.0987654321,0.910112359551,0.0,0.523529411765,0.476470588235
39-040,32,7,3,0,0,42,Hughes,AK,AK,0.761904761905,0.166666666667,4.57142857143,0.21875,0.0,0.820512820513,0.179487179487
39-043,77,22,1,0,0,100,Huslia,AK,AK,0.77,0.22,3.5,0.285714285714,0.0,0.777777777778,0.222222222222
39-045,48,9,1,0,0,58,Kaltag,AK,AK,0.827586206897,0.155172413793,5.33333333333,0.1875,0.0,0.842105263158,0.157894736842
39-047,37,89,6,1,3,136,Kenny Lake,AK,AK,0.272058823529,0.654411764706,0.415730337079,2.40540540541,0.0220588235294,0.293650793651,0.706349206349
39-050,32,2,2,1,0,37,Koyukuk,AK,AK,0.864864864865,0.0540540540541,16.0,0.0625,0.0,0.941176470588,0.0588235294118
39-053,23,11,3,1,0,38,Mentasta,AK,AK,0.605263157895,0.289473684211,2.09090909091,0.478260869565,0.0,0.676470588235,0.323529411765
39-055,42,20,1,0,0,63,Northway,AK,AK,0.666666666667,0.31746031746,2.1,0.47619047619,0.0,0.677419354839,0.322580645161
39-060,57,20,0,2,1,80,Nulato,AK,AK,0.7125,0.25,2.85,0.350877192982,0.0125,0.74025974026,0.25974025974
39-070,14,0,1,0,0,15,Stevens Village,AK,AK,0.933333333333,0.0,inf,0.0,0.0,1.0,0.0
39-075,36,4,2,0,1,43,Tanacross,AK,AK,0.837209302326,0.093023255814,9.0,0.111111111111,0.0232558139535,0.9,0.1
39-085,25,2,0,0,0,27,Tetlin,AK,AK,0.925925925926,0.0740740740741,12.5,0.08,0.0,0.925925925926,0.0740740740741
39-090,130,318,19,5,10,482,Tok,AK,AK,0.269709543568,0.659751037344,0.408805031447,2.44615384615,0.0207468879668,0.290178571429,0.709821428571
39-095,49,4,1,0,0,54,Venetie,AK,AK,0.907407407407,0.0740740740741,12.25,0.0816326530612,0.0,0.924528301887,0.0754716981132
39-400,78,21,3,1,2,105,Brevig Mission,AK,AK,0.742857142857,0.2,3.71428571429,0.269230769231,0.0190476190476,0.787878787879,0.212121212121
39-405,15,9,0,0,0,24,Diomede,AK,AK,0.625,0.375,1.66666666667,0.6,0.0,0.625,0.375
39-410,74,20,6,3,0,103,Elim,AK,AK,0.718446601942,0.194174757282,3.7,0.27027027027,0.0,0.787234042553,0.212765957447
39-415,114,32,4,0,1,151,Gambell,AK,AK,0.754966887417,0.211920529801,3.5625,0.280701754386,0.00662251655629,0.780821917808,0.219178082192
39-420,52,21,2,0,1,76,Golovin,AK,AK,0.684210526316,0.276315789474,2.47619047619,0.403846153846,0.0131578947368,0.712328767123,0.287671232877
39-425,75,23,1,1,0,100,Koyuk,AK,AK,0.75,0.23,3.26086956522,0.306666666667,0.0,0.765306122449,0.234693877551
39-430,257,181,9,9,3,459,Nome No. 1,AK,AK,0.559912854031,0.394335511983,1.41988950276,0.704280155642,0.00653594771242,0.586757990868,0.413242009132
39-435,364,221,17,15,6,623,Nome No. 2,AK,AK,0.584269662921,0.354735152488,1.64705882353,0.607142857143,0.00963081861958,0.622222222222,0.377777777778
39-440,191,32,8,0,0,231,Savoonga,AK,AK,0.82683982684,0.138528138528,5.96875,0.167539267016,0.0,0.856502242152,0.143497757848
39-445,57,20,3,2,0,82,Shaktoolik,AK,AK,0.69512195122,0.243902439024,2.85,0.350877192982,0.0,0.74025974026,0.25974025974
39-450,154,36,1,3,0,194,Shishmaref,AK,AK,0.79381443299,0.185567010309,4.27777777778,0.233766233766,0.0,0.810526315789,0.189473684211
39-455,42,19,4,2,0,67,St. Michael,AK,AK,0.626865671642,0.283582089552,2.21052631579,0.452380952381,0.0,0.688524590164,0.311475409836
39-460,61,30,3,3,0,97,Stebbins,AK,AK,0.628865979381,0.309278350515,2.03333333333,0.491803278689,0.0,0.67032967033,0.32967032967
39-465,43,13,5,0,0,61,Teller,AK,AK,0.704918032787,0.213114754098,3.30769230769,0.302325581395,0.0,0.767857142857,0.232142857143
39-470,163,89,6,3,7,268,Unalakleet,AK,AK,0.608208955224,0.332089552239,1.83146067416,0.546012269939,0.0261194029851,0.646825396825,0.353174603175
39-475,44,7,5,3,1,60,Wales,AK,AK,0.733333333333,0.116666666667,6.28571428571,0.159090909091,0.0166666666667,0.862745098039,0.137254901961
39-480,42,18,3,2,0,65,White Mountain,AK,AK,0.646153846154,0.276923076923,2.33333333333,0.428571428571,0.0,0.7,0.3
39-Early,142,78,3,2,3,228,Voting,AK,AK,0.622807017544,0.342105263158,1.82051282051,0.549295774648,0.0131578947368,0.645454545455,0.354545454545
40-002,60,15,1,2,0,78,Ambler,AK,AK,0.769230769231,0.192307692308,4.0,0.25,0.0,0.8,0.2
40-004,63,23,0,2,1,89,Anaktuvuk Pass,AK,AK,0.707865168539,0.258426966292,2.73913043478,0.365079365079,0.0112359550562,0.732558139535,0.267441860465
40-006,37,15,1,2,0,55,Atqasuk,AK,AK,0.672727272727,0.272727272727,2.46666666667,0.405405405405,0.0,0.711538461538,0.288461538462
40-008,242,112,8,5,5,372,Barrow,AK,AK,0.650537634409,0.301075268817,2.16071428571,0.462809917355,0.0134408602151,0.683615819209,0.316384180791
40-010,501,231,11,11,14,768,Browerville,AK,AK,0.65234375,0.30078125,2.16883116883,0.461077844311,0.0182291666667,0.684426229508,0.315573770492
40-012,74,12,4,1,0,91,Buckland,AK,AK,0.813186813187,0.131868131868,6.16666666667,0.162162162162,0.0,0.860465116279,0.139534883721
40-014,29,4,1,0,0,34,Deering,AK,AK,0.852941176471,0.117647058824,7.25,0.137931034483,0.0,0.878787878788,0.121212121212
40-016,54,28,2,1,1,86,Kaktovik,AK,AK,0.627906976744,0.325581395349,1.92857142857,0.518518518519,0.0116279069767,0.658536585366,0.341463414634
40-018,51,26,0,0,0,77,Kiana,AK,AK,0.662337662338,0.337662337662,1.96153846154,0.509803921569,0.0,0.662337662338,0.337662337662
40-020,58,32,3,0,0,93,Kivalina,AK,AK,0.623655913978,0.344086021505,1.8125,0.551724137931,0.0,0.644444444444,0.355555555556
40-022,30,3,1,0,0,34,Kobuk,AK,AK,0.882352941176,0.0882352941176,10.0,0.1,0.0,0.909090909091,0.0909090909091
40-024,481,220,18,12,5,736,Kotzebue,AK,AK,0.653532608696,0.298913043478,2.18636363636,0.45738045738,0.00679347826087,0.686162624822,0.313837375178
40-026,82,47,4,2,1,136,Noatak,AK,AK,0.602941176471,0.345588235294,1.74468085106,0.573170731707,0.00735294117647,0.635658914729,0.364341085271
40-028,77,59,6,2,0,144,Noorvik,AK,AK,0.534722222222,0.409722222222,1.30508474576,0.766233766234,0.0,0.566176470588,0.433823529412
40-030,68,41,4,1,0,114,Nuiqsut,AK,AK,0.59649122807,0.359649122807,1.65853658537,0.602941176471,0.0,0.623853211009,0.376146788991
40-032,118,38,1,1,0,158,Point Hope,AK,AK,0.746835443038,0.240506329114,3.10526315789,0.322033898305,0.0,0.75641025641,0.24358974359
40-034,24,14,0,2,0,40,Point Lay,AK,AK,0.6,0.35,1.71428571429,0.583333333333,0.0,0.631578947368,0.368421052632
40-036,108,33,4,3,0,148,Selawik,AK,AK,0.72972972973,0.222972972973,3.27272727273,0.305555555556,0.0,0.765957446809,0.234042553191
40-038,66,10,0,0,0,76,Shungnak,AK,AK,0.868421052632,0.131578947368,6.6,0.151515151515,0.0,0.868421052632,0.131578947368
40-040,93,56,3,2,1,155,Wainwright,AK,AK,0.6,0.361290322581,1.66071428571,0.602150537634,0.00645161290323,0.624161073826,0.375838926174
40-Early,3,0,0,0,0,3,Voting,AK,AK,1.0,0.0,inf,0.0,0.0,1.0,0.0
